Day,Guardians of the Galaxy Vol. 3
2023-03-04,1
2023-03-05,1
2023-03-06,0
2023-03-07,0
2023-03-08,1
2023-03-09,0
2023-03-10,0
2023-03-11,0
2023-03-12,0
2023-03-13,0
2023-03-14,0
2023-03-15,1
2023-03-16,0
2023-03-17,0
2023-03-18,0
2023-03-19,0
2023-03-20,1
2023-03-21,0
2023-03-22,0
2023-03-23,0
2023-03-24,0
2023-03-25,1
2023-03-26,1
2023-03-27,1
2023-03-28,0
2023-03-29,0
2023-03-30,0
2023-03-31,0
2023-04-01,1
2023-04-02,2
2023-04-03,3
2023-04-04,2
2023-04-05,1
2023-04-06,2
2023-04-07,1
2023-04-08,2
2023-04-09,1
2023-04-10,2
2023-04-11,1
2023-04-12,2
2023-04-13,1
2023-04-14,1
2023-04-15,2
2023-04-16,2
2023-04-17,1
2023-04-18,2
2023-04-19,2
2023-04-20,2
2023-04-21,2
2023-04-22,6
2023-04-23,6
2023-04-24,3
2023-04-25,3
2023-04-26,4
2023-04-27,4
2023-04-28,11
2023-04-29,14
2023-04-30,12
2023-05-01,11
2023-05-02,14
2023-05-03,19
2023-05-04,33
2023-05-05,68
2023-05-06,97
2023-05-07,100
2023-05-08,46
2023-05-09,35
2023-05-10,32
2023-05-11,26
2023-05-12,30
2023-05-13,57
2023-05-14,55
2023-05-15,29
2023-05-16,23
2023-05-17,21
