Day,Ant-Man and the Wasp Quantumania
2022-12-17,0
2022-12-18,0
2022-12-19,0
2022-12-20,0
2022-12-21,0
2022-12-22,0
2022-12-23,0
2022-12-24,0
2022-12-25,0
2022-12-26,0
2022-12-27,0
2022-12-28,0
2022-12-29,3
2022-12-30,0
2022-12-31,2
2023-01-01,4
2023-01-02,4
2023-01-03,3
2023-01-04,2
2023-01-05,2
2023-01-06,3
2023-01-07,3
2023-01-08,3
2023-01-09,4
2023-01-10,19
2023-01-11,9
2023-01-12,7
2023-01-13,5
2023-01-14,5
2023-01-15,4
2023-01-16,6
2023-01-17,9
2023-01-18,6
2023-01-19,4
2023-01-20,5
2023-01-21,5
2023-01-22,7
2023-01-23,6
2023-01-24,5
2023-01-25,6
2023-01-26,5
2023-01-27,5
2023-01-28,5
2023-01-29,6
2023-01-30,8
2023-01-31,5
2023-02-01,5
2023-02-02,5
2023-02-03,8
2023-02-04,10
2023-02-05,10
2023-02-06,8
2023-02-07,18
2023-02-08,12
2023-02-09,13
2023-02-10,12
2023-02-11,14
2023-02-12,14
2023-02-13,14
2023-02-14,28
2023-02-15,37
2023-02-16,52
2023-02-17,100
2023-02-18,100
2023-02-19,79
2023-02-20,61
2023-02-21,38
2023-02-22,30
2023-02-23,27
2023-02-24,30
2023-02-25,49
2023-02-26,54
2023-02-27,26
2023-02-28,18
2023-03-01,13
